request_time	ip	url	user_agent	tags	blob
2.9219280948873623	2.7219280948873625	1.4854752972273344	2.5219280948873624	2.3219280948873626	1.7609640474436812
